{
    "Coherent": [
        3.0,
        3.0,
        1.75,
        3.0,
        3.0,
        2.5,
        3.0,
        3.0,
        3.0,
        3.0,
        1.0,
        3.0,
        2.5,
        3.0,
        2.0,
        3.0,
        2.75,
        2.0,
        2.75,
        3.0,
        3.0,
        3.0,
        1.0,
        2.75,
        2.0,
        3.0,
        3.0,
        3.0,
        3.0,
        3.0,
        2.5,
        3.0,
        2.75,
        2.25,
        3.0,
        3.0,
        3.0,
        3.0,
        2.75,
        3.0,
        2.75,
        3.0,
        3.0,
        2.25,
        3.0,
        1.25,
        2.75,
        3.0,
        3.0,
        3.0,
        1.25,
        3.0,
        3.0,
        3.0,
        3.0,
        3.0,
        3.0,
        2.75,
        3.0,
        3.0,
        2.75,
        3.0,
        3.0,
        1.75,
        3.0,
        3.0,
        3.0,
        3.0,
        2.25,
        2.5,
        2.75,
        1.25,
        2.75,
        3.0,
        1.25,
        3.0,
        2.25,
        2.0,
        2.75,
        3.0,
        2.75,
        2.75,
        2.5,
        3.0,
        2.5,
        2.75,
        3.0,
        1.5,
        3.0,
        3.0,
        2.25,
        2.25,
        3.0,
        1.25,
        3.0,
        3.0,
        3.0,
        3.0,
        3.0,
        3.0,
        3.0,
        2.25,
        2.25,
        2.75,
        1.75,
        3.0,
        2.0,
        1.75,
        3.0,
        3.0,
        2.0,
        3.0,
        2.75,
        3.0,
        2.0,
        2.25,
        3.0,
        3.0,
        2.5,
        2.75,
        2.25,
        3.0,
        3.0,
        3.0,
        2.5
    ],
    "Error recovery": [
        2.0,
        3.0,
        1.75,
        3.0,
        2.75,
        2.75,
        2.0,
        3.0,
        2.25,
        3.0,
        1.0,
        3.0,
        2.25,
        3.0,
        2.0,
        3.0,
        3.0,
        2.25,
        3.0,
        3.0,
        3.0,
        3.0,
        1.25,
        2.666666666666667,
        2.666666666666667,
        3.0,
        3.0,
        3.0,
        3.0,
        2.0,
        2.5,
        3.0,
        2.0,
        3.0,
        3.0,
        3.0,
        3.0,
        3.0,
        2.5,
        3.0,
        2.25,
        3.0,
        3.0,
        2.75,
        3.0,
        1.0,
        2.75,
        3.0,
        3.0,
        3.0,
        1.75,
        3.0,
        3.0,
        3.0,
        2.0,
        3.0,
        3.0,
        2.5,
        3.0,
        3.0,
        2.75,
        2.666666666666667,
        2.25,
        1.5,
        3.0,
        3.0,
        3.0,
        3.0,
        3.0,
        3.0,
        2.0,
        1.75,
        2.5,
        3.0,
        2.25,
        3.0,
        2.5,
        1.0,
        2.0,
        3.0,
        2.0,
        3.0,
        2.75,
        3.0,
        2.75,
        3.0,
        3.0,
        1.5,
        2.0,
        3.0,
        1.5,
        2.333333333333333,
        3.0,
        1.0,
        3.0,
        3.0,
        2.75,
        3.0,
        3.0,
        3.0,
        3.0,
        2.0,
        2.75,
        2.333333333333333,
        1.25,
        3.0,
        1.75,
        1.25,
        3.0,
        3.0,
        2.0,
        3.0,
        2.75,
        3.0,
        2.25,
        2.333333333333333,
        3.0,
        2.0,
        2.5,
        2.5,
        3.0,
        3.0,
        1.5,
        3.0,
        2.75
    ],
    "Consistent": [
        1.0,
        1.0,
        1.0,
        1.0,
        1.0,
        1.0,
        1.0,
        1.0,
        1.0,
        1.0,
        0.0,
        1.0,
        1.0,
        1.0,
        1.0,
        1.0,
        1.0,
        1.0,
        1.0,
        1.0,
        1.0,
        1.0,
        0.75,
        1.0,
        1.0,
        1.0,
        1.0,
        1.0,
        1.0,
        1.0,
        1.0,
        1.0,
        0.75,
        1.0,
        1.0,
        1.0,
        1.0,
        1.0,
        1.0,
        1.0,
        1.0,
        1.0,
        1.0,
        1.0,
        1.0,
        0.75,
        1.0,
        1.0,
        1.0,
        1.0,
        1.0,
        1.0,
        1.0,
        1.0,
        1.0,
        1.0,
        1.0,
        0.25,
        1.0,
        1.0,
        1.0,
        1.0,
        1.0,
        0.75,
        1.0,
        1.0,
        1.0,
        1.0,
        1.0,
        0.75,
        1.0,
        0.75,
        1.0,
        1.0,
        0.75,
        1.0,
        1.0,
        1.0,
        1.0,
        1.0,
        0.75,
        1.0,
        0.75,
        1.0,
        0.75,
        1.0,
        1.0,
        0.25,
        1.0,
        1.0,
        1.0,
        1.0,
        1.0,
        0.25,
        1.0,
        1.0,
        1.0,
        1.0,
        1.0,
        1.0,
        1.0,
        1.0,
        1.0,
        1.0,
        1.0,
        1.0,
        1.0,
        0.25,
        1.0,
        1.0,
        1.0,
        1.0,
        1.0,
        1.0,
        1.0,
        1.0,
        1.0,
        1.0,
        1.0,
        0.75,
        1.0,
        1.0,
        1.0,
        1.0,
        1.0
    ],
    "Diverse": [
        2.5,
        2.75,
        2.25,
        3.0,
        2.75,
        3.0,
        2.25,
        2.75,
        2.25,
        2.75,
        1.0,
        3.0,
        2.0,
        2.75,
        2.25,
        3.0,
        2.75,
        2.0,
        2.5,
        2.75,
        3.0,
        3.0,
        2.0,
        2.75,
        1.5,
        2.75,
        3.0,
        2.75,
        2.25,
        2.0,
        2.75,
        3.0,
        3.0,
        2.75,
        3.0,
        2.25,
        2.25,
        2.75,
        2.25,
        3.0,
        2.25,
        3.0,
        2.0,
        2.5,
        3.0,
        1.5,
        2.25,
        2.25,
        2.25,
        3.0,
        1.75,
        2.0,
        3.0,
        3.0,
        2.0,
        3.0,
        3.0,
        2.5,
        2.75,
        3.0,
        1.75,
        2.75,
        3.0,
        2.25,
        2.25,
        2.25,
        2.75,
        3.0,
        3.0,
        2.75,
        3.0,
        2.5,
        2.25,
        3.0,
        2.25,
        2.75,
        2.75,
        2.25,
        2.5,
        3.0,
        2.25,
        2.75,
        2.25,
        2.75,
        1.75,
        1.5,
        2.25,
        1.75,
        2.75,
        3.0,
        2.25,
        2.75,
        3.0,
        1.25,
        3.0,
        3.0,
        2.75,
        3.0,
        2.75,
        3.0,
        1.75,
        1.75,
        2.75,
        2.75,
        1.75,
        2.75,
        2.0,
        2.0,
        2.25,
        3.0,
        2.25,
        2.75,
        2.25,
        2.75,
        3.0,
        2.75,
        2.25,
        3.0,
        2.75,
        2.75,
        3.0,
        3.0,
        2.0,
        3.0,
        2.5
    ],